SeqID,Sequence,Exp1,Exp2,Exp3,Exp4,Exp5
6lPXw6ozAeOv9kl,CCTCGTTGTAG,5.932837329011329,6.127821480478869,13.869107987296742,7.932894352531527,4.204508834650309
GErAsHT8yob,CCCGCTAGAGCGCAGTCAAGCGCGCAGGCCGAGCTGGGGGGTGACACCCCATGCTAAGATGGCCAATCGGCACTTGT,12.340624144475623,1.994430346622266,11.950495522368291,9.630188123929178,14.730790132797715
g6JZGI,GTTCGTTGTTGGGATT,3.3041060557916055,13.972029791483433,4.410575737190837,8.993571740063976,2.3805760590793996
3HnQzeeenrAc0gIM,CCCTTTACGGACTAGACG,10.712421492420708,13.891625909812669,13.87308165513519,9.762402321790365,6.166175932451681
GcgCLLLu8w0wcH,CTGGCGGGGTGAGCCACACTCGC,10.953438625649461,7.369608924705445,13.7910815725806,8.990256138151079,7.9644142787024395
lEyGkPEKRJP,TACTTAAAGTGTCGATAC,4.781415271788096,11.490609344490139,14.603850145129913,1.387380890579542,0.9749493010747059
I6Ep3PCt8wImDV1JfPCC,TCCAGCTCTGTTAGGGGCAGGGTTTTTTGGGATGTAACTTTACACA,9.704621414917165,11.611527309291116,5.078789039388691,11.402215109959611,8.178899733185112
lAyHhcvFr4RbcA5rs,TGTGTTTGTATAGTAGTGCAGTATAAATTGAATATGTACTACTCCACTACAGTCAGGCGTTTCTATTCAAGC,13.361612951634608,12.562388212372097,4.754905848071055,12.839348461169328,14.303888580757656
OpWISTkM3z,CCCACGCGTACTTAGTTCAGCACTGAATTAGACCCTCACTACCGCCTC,1.6062839444873853,7.791010665331968,1.4853497929485342,9.539676477445722,0.8998747625783067
iNK5a,ACCCTACGAATGTGAACGATATGCGCCGTCTTATCGCGGCCTGATTAGACTTCGCCCTAGGAAGGCCATT,12.931766899048293,6.409292952374001,6.515558301826873,7.647678792647022,6.329130689833247
JKo0GlGezwzf0xXEZN,AAGCGCGAGAGGCCTACGTTTGGCGTGACACCACCGGCTCTAGCAATAGCCCGCCACTAATC,10.357312301201754,3.239819715828557,13.316159149729893,7.401200017645288,1.597775524540556
Ua2H4,TCGAGCTGACGACGTCTTAAGCTACCACAACTGGAGACGCGAATCTCTACTGA,4.67259555440007,11.490934100799842,14.297596318885153,0.0021869145660943024,2.9669446526352927
AxDcCW6QtpH,TGTTAGGTAGATCTTCGCGC,10.63909577744871,11.56101584301262,3.117690588292142,12.726799713559473,14.602820118346923
CKT1NzLM197ulbX69,TCACATCCGCGGCCCCAAGGAAACGGGACCTTTTGGACCGTTGCTGCATTAGTACACAAGGTAATG,4.319134866922577,4.158721806043261,2.9126109718013082,0.0330341219930422,4.173238730927144
lGKyd,GCAGCGCTGAGGCCCTGAAACTGAAGCGTA,10.762663619851086,13.980046540913683,7.316376181675209,8.295562672470083,8.60411143336916
oiE7M,CGGATGGTTTGGCCAAAGGCGTGAGGATGCGACACCGATCACCCCGGCACCGTTTGA,13.09944818110507,3.5779709277819296,0.8198246438714736,8.589964844880472,5.970070891928221
ErYg4I9oe,AACGGTTGGTGTCTGGTCTGCAAACTAATGCCGGATTCCGGATATCTAACCAC,14.495461657776438,14.36012520448673,2.4565542629198016,8.328775940675632,4.245362497125924
YCZUdnufR0vW,TGCTGTTCACTTGAACCTGCGCTTCCTCGGTCCAATAGGCAATGTTCTTTCGTGACG,9.24801001637608,10.34722704645488,8.929323452871044,7.874970447458288,0.245963689084967
m9c6Xi1,GTGTCGCCCCTAATTAGTTCCTGCTCTACTAATGTCTTGCTCTCCTAGGTTTCGCGACCCGGCTCTTTTAACGAATACG,3.019884163734633,13.498818471885002,7.195287170302796,7.543731475734101,8.549405788513173
iGWTW3D,GGATCTCAGATC,11.24748425182718,12.7857909081897,11.032919744986929,3.8541670463066886,13.339123081276162
PDxoY,GCCGGTGTCACCAAGGCGGACAAACGATTAATCTGCG,1.2989110810165252,7.004600037895819,10.073870947531667,11.629004487060053,12.130764766235213
3ogLzSMOxvwITdV0,CAAGTGTGCGGCATGGGGACTCCCTCGAGAAAACTCTAAGCCGGTGAGCGTGGCACTACTGGAATGGGCCTGTGTCAG,6.188682468008451,14.927890966096468,4.2719369119153425,5.714990490134982,1.7139728886820755
47yw,CGAAATGCAGTCATAAACAGATTAATAGA,0.38673589089069954,9.398544388201113,4.40903250973085,6.466806932619231,11.860399299284236
BgGQB1ekKbqwCio,TCCTCTGAACTAAGCTGTCACATTGATACGCTGAGCCC,11.564300955535591,11.876071157448399,0.1715244368039138,7.967070895625859,14.54076908266919
0kFUv1Ea,CACGCTCTCTCTCCGGGTCTTAATGCAATCGAAGTCATCAGG,2.5802699745749456,7.529962454276032,3.1596287868439474,14.410097092274842,14.313319558827981
rPSd0wr27Gtr4cL,CTCACTAACACGACGGAGCACGTCACACATGCTTCGACGGTGTATACAGATGTGCGTCTATCATGACTTGTTAAAATGG,8.205261127770223,5.511857897740803,11.361297335599406,2.900462333963506,10.849813200082174
W5LYHtnZBogoq2E50NL,GTAGTGAAGCGACAAACTAACTTAAGCACAATCCTGCCGCT,6.357577230079107,3.4625159443917735,5.271932369916922,4.939074824830106,3.7966372350422577
WpwF2PW8nTGHjSVO41,AACGGGGCGACTTG,6.17552851012345,4.001946619321422,11.994432845876092,9.770174794130162,7.151373984600694
5tKPIGUD,TGGAGGTCATTTGAGCAAACAGATGAGCAGACTTGTGA,5.555591278070673,4.9767674023207285,6.82847643989191,10.227051199717657,6.968642908812814
GLSE,GTCTCTCGTCGACGCGGACATCATTTGCTAATACGACTGATGTGAAACGCTTT,3.450793411615914,6.902139347242909,5.855090341688208,8.778233038540284,13.328057680294986
6bk3pk,ATTAATAAGTGAGT,14.141309339841209,9.183419788709875,5.105233581635244,14.731320271937495,4.647314669462798
PArPOZygtp8,TATCTCGATGGTGTGGATAACCATCCAATGGATCG,5.986399234045998,8.658138750679829,3.7953256764195404,14.38114699260827,3.359021907434273
ib9ntSawuGp7esR,GCACACCCGGCCTCCAATGGAAACTGAATCCCCCGGCGCCCGGTTGTGGATATATT,9.899173766114163,5.366553399008733,11.122112254170784,12.9609521065991,1.6806683152430986
Q1HlaDPD3xWHe,GATGCGGGTTATGTACCAGGGGACTGGAGTTGGTTTTCTTTCAAAGGAAGACATAAGCGACCGGCCAGAAATCT,5.669860868042918,12.805807096733695,4.892215287913045,12.654456329903134,4.593887115770847
sWemQ08mbl,CTGCGAGGGCGACTAGGCGACGCCGGACTTTGTACAGGTATGATGCAAAT,1.1734249231623415,7.030400302088902,14.834666086400592,12.1913814035353,2.909695515984172
KeLXmLqvtn95s,GACTGCTTAAGGTCGCACATGAAGTAACCGTGGAAGAGG,3.682993757884091,14.69474244507787,2.3572944839972068,7.191757070827307,3.3726114360465353
olHnOjaMyoUEPYad,TTATAAGGCGCCGATAGTGAACACGGAAATA,13.968222488702066,0.7124542544834286,6.938772219356787,5.0630239469306195,14.273662775907953
PcXkYszdQ,CGTTTTGCAACAATCGAGAGATCTTGTGAATGCTACCTGCGGAGGCACGCTAGCGGAAAGCAGCGTTAGCATCGGTC,13.498619543639117,6.661554855989452,2.807758141558076,11.92160100556567,3.8096276309982895
6QK5re831U,CCATTTTTTAAATTTAATATACGTTAATCGCTTAATACC,10.153922524914053,2.3068202301672884,3.9573695434130047,8.485952467134062,2.9712402732869396
ex8pEiBqmAFBiD,TACTCCAATCCGGTCCTTGATACCCGGAAAAGGTGTGACCATGTGATGTTCTTGACGCTC,7.094754876925751,6.7596378890829945,0.343220119251411,8.288513120139768,12.176396564532784
qqlA0Gux,TTGTAGCCCAGTCCATTAGATACACCGCTGACAGTTCGCGGCTCATCTAAGAATG,12.434370476270837,14.740116107783809,14.37590796254617,2.9182102541046806,13.729386577396122
aGF4JsCX4N7k,CTACTACACGGAACTGAAGACACATAGTTACTCCGTTTGATATACCCCGATACCTTACAAATTC,12.651912945844128,3.878058028944978,12.945075103096524,8.060225445812883,1.4960859792426562
erZCyQjfC5buObut73G,TGCCCTATCCAAACGC,3.7855915589214852,0.6363782920647703,2.292080838679686,8.161494847049315,4.585504598218778
AH7D6,CCAAACACTTAGGCTAAGGTCATTGTGGCTTCCTATCAGACAATCCGCTATCGGAAAACCAGCATAGCCGA,12.257472013988881,4.124562577789621,5.086780555959616,6.3399231862595915,9.07535178374884
WPblpI,GTGGCACTACCCGCGAGCAAGACCATGATGCTAAGAATGACGTCAACTACCTTAGTCCGTCCCGCCCTGTCCAA,8.109119795828148,12.632461123443967,4.708643698961422,7.792102038163445,10.785292347704145
kruMbQ4ZYZqeJ,TGAGCCATAATGAAAGCGCCACTGCCAACGATG,1.0657264312881702,7.343249469438211,13.430579992585972,1.117085814276494,4.390742141394893
gOssrtFiFvuBaRyXWssM,GAAAAATGTGATACTTAAGCACGACGCTGCCGGGTCATTCTCTCATCCATGAAAG,8.453566375414745,3.324705604394664,2.716237611254739,0.16974403106917788,10.306864992109855
BQ9YH2mZf1pfaHeQsSZv,TTCGAGTTAGAATTGACTGAAC,14.52662808408958,1.8600566734897983,8.754260201552965,13.41240239972007,11.782407562604284
3FWQuQNVG3MMj,GCATCACGTCCAACAGCATAGACTTGGAAGTGAGTCTAGC,10.081169317320946,4.736564302174908,4.550064604701993,9.185977556319319,14.318603953976938
EhcHkhewQrZDKh50d,TAAATGAACATCCGATTGTTTCTTCGTTCTGGTCGAAGCATCCCTTA,4.04809708526748,0.050291763230879825,8.063957715896642,3.341245571115316,4.66977274529703
